USE user_hrpay;

INSERT INTO Account (AccountID, Username, PasswordHash, FullName, Email, role, employee_id) VALUES ('1', 'ronald_241', '$2b$12$0KKTxoAWozxN1os.PPltvOK8pprHjyEvJWfGcALnP7kGSC1nbT9DW', 'Ronald Conley', 'ronald.conley@company.com', 'Employee', '241');
INSERT INTO Account (AccountID, Username, PasswordHash, FullName, Email, role, employee_id) VALUES ('2', 'william_242', '$2b$12$.kYpoxzGWe/Z1ke7ZJbIGeQ0aSL3cUfi6QIWpLPqSgHApUS.DMLty', 'William King', 'william.king@company.com', 'Employee', '242');
INSERT INTO Account (AccountID, Username, PasswordHash, FullName, Email, role, employee_id) VALUES ('3', 'brian_248', '$2b$12$Y3a.uslw/rocl5FhXp6q2uCMlaViN6R8dVlgvQjAEJwcbXY8B/NXe', 'Brian Brown', 'brian.brown@company.com', 'Employee', '248');
INSERT INTO Account (AccountID, Username, PasswordHash, FullName, Email, role, employee_id) VALUES ('4', 'william_250', '$2b$12$RYoLxomg1DHkRpjwlgCuBOJk6DKf/4lelUn.lUK7okcwN9FKk7WOG', 'William Jordan', 'william.jordan@company.com', 'Employee', '250');
INSERT INTO Account (AccountID, Username, PasswordHash, FullName, Email, role, employee_id) VALUES ('5', 'nathan_252', '$2b$12$5aFwjFVT7TTbgYo72lekLunYe7P7WOeCAp/c8B9SEbSFg6.KjoQk6', 'Nathan Drake', 'nathan.drake@company.com', 'Employee', '252');
INSERT INTO Account (AccountID, Username, PasswordHash, FullName, Email, role, employee_id) VALUES ('6', 'dana_253', '$2b$12$aEWcbeUU5MRSPjO3tlPeO.RmhGUbnnG7Q6zEPPtXCjQJFOHHrCkgu', 'Dana Cohen', 'dana.cohen@company.com', 'Employee', '253');
INSERT INTO Account (AccountID, Username, PasswordHash, FullName, Email, role, employee_id) VALUES ('7', 'martin_254', '$2b$12$1BCtGds/Cw.dnuH71rZMZeT24KpiODQ2nqi4i9u8JXcCP4RGTNZE6', 'Martin Martinez', 'martin.martinez@company.com', 'Employee', '254');
INSERT INTO Account (AccountID, Username, PasswordHash, FullName, Email, role, employee_id) VALUES ('8', 'timothy_258', '$2b$12$/Z03SvepZy./Xjg.Uou.L.ThyRBLcM.YKnwJ1e6hqI9AIpeAeGk6y', 'Timothy Montgomery', 'timothy.montgomery@company.com', 'Employee', '258');
INSERT INTO Account (AccountID, Username, PasswordHash, FullName, Email, role, employee_id) VALUES ('9', 'raymond_260', '$2b$12$jSLjGZOozAx1nD210/UpGeZ7z.d3wQULisSOJ9yiBSD3dxsTYMwSG', 'Raymond Meyer', 'raymond.meyer@company.com', 'Employee', '260');
INSERT INTO Account (AccountID, Username, PasswordHash, FullName, Email, role, employee_id) VALUES ('10', 'kayla_304', '$2b$12$64b4ZoFn1/Qx6Pi2r09sTe3mOSrsD7sT/xO78bNkjIjlWMr6KCVGm', 'Kayla Powers', 'kayla.powers@company.com', 'Employee', '304');
INSERT INTO Account (AccountID, Username, PasswordHash, FullName, Email, role, employee_id) VALUES ('11', 'heather_305', '$2b$12$YVX65Y7CESCjZC4nbJ60ruFxYzqbMWBTSZYIt6ar2.5zFIocL9vGK', 'Heather Wood', 'heather.wood@company.com', 'Employee', '305');
INSERT INTO Account (AccountID, Username, PasswordHash, FullName, Email, role, employee_id) VALUES ('12', 'kenneth_306', '$2b$12$/JGSwlHzonTgJuM8d9zRpu1xqrgjdpo8Wh.RjkPGlg.RVZ4C01yAK', 'Kenneth Harvey', 'kenneth.harvey@company.com', 'Employee', '306');
INSERT INTO Account (AccountID, Username, PasswordHash, FullName, Email, role, employee_id) VALUES ('13', 'gloria_307', '$2b$12$z2SF7VGvkRZVkN1rrCJ1iuoJMWR0/S6umDH.2JTO0mJtU/e8HpNN2', 'Gloria Stephens', 'gloria.stephens@company.com', 'Employee', '307');
INSERT INTO Account (AccountID, Username, PasswordHash, FullName, Email, role, employee_id) VALUES ('14', 'april_309', '$2b$12$ut6ULcteWmB6j6Y97OHL5O1fRqDDUUtaWbZEc4HeD9NKMv29dPwP.', 'April Lewis', 'april.lewis@company.com', 'Employee', '309');
INSERT INTO Account (AccountID, Username, PasswordHash, FullName, Email, role, employee_id) VALUES ('15', 'sherry_310', '$2b$12$uWDC2ZZ5/y5iakLYdTIi4.Eg6Cg2H1uj4za1F4pNkvvQXjlfgrpBy', 'Sherry Morgan', 'sherry.morgan@company.com', 'Employee', '310');
INSERT INTO Account (AccountID, Username, PasswordHash, FullName, Email, role, employee_id) VALUES ('16', 'keith_313', '$2b$12$WTUi/iBJa0lcrdZj6NARhewJVMfKquaGQVVHAGkNrtuU.zieeayk2', 'Keith Gonzalez', 'keith.gonzalez@company.com', 'Employee', '313');
INSERT INTO Account (AccountID, Username, PasswordHash, FullName, Email, role, employee_id) VALUES ('17', 'ethan_319', '$2b$12$Gp2bsIkqAIjDQJvEQcLqv./YM02o7gCn.grk5plowUAqAoSSIRmtS', 'Ethan Rosales', 'ethan.rosales@company.com', 'Employee', '319');
INSERT INTO Account (AccountID, Username, PasswordHash, FullName, Email, role, employee_id) VALUES ('18', 'theresa_320', '$2b$12$iANu2o8Zli4wmOIbGCafGe9d3dguOQeVxp2GzLDKJXRyX8wHhnwIa', 'Theresa Smith', 'theresa.smith@company.com', 'Employee', '320');
INSERT INTO Account (AccountID, Username, PasswordHash, FullName, Email, role, employee_id) VALUES ('19', 'admin', '$2b$12$qcxPkZSqW.YO6qCHxIkhVO0RDRrWFKCGTG/QCbB1bs/GfaV8H9rwS', 'System Administrator', 'admin@company.com', 'Admin', '304');
INSERT INTO Account (AccountID, Username, PasswordHash, FullName, Email, role, employee_id) VALUES ('20', 'hr', '$2b$12$xdZZQaDbNUXaZsxXEg3sj.BMx5KYrRA1J7Zh2BnMuBHQY1kLuSFPy', 'HR Manager', 'hr@company.com', 'Hiring', '260');
INSERT INTO Account (AccountID, Username, PasswordHash, FullName, Email, role, employee_id) VALUES ('21', 'accounting', '$2b$12$DaHPb72GJ6lKbHx6wKeeueajhqDThyORAC.XsQIKnp5rw9jsv1jQC', 'Accounting Manager', 'accounting@company.com', 'Acounting', '309');
INSERT INTO Account (AccountID, Username, PasswordHash, FullName, Email, role, employee_id) VALUES ('22', 'locked_user', '$2b$12$D.uZIp.zPe3e0XK8p0GMju1RzdyYIrT1CA436SPEIYoZcZenfRxg6', 'Locked User', 'locked@company.com', 'Admin', '250');
INSERT INTO `Group` (GroupID, GroupName, Description) VALUES ('1', 'Admin', 'Nhóm quản trị hệ thống');
INSERT INTO `Group` (GroupID, GroupName, Description) VALUES ('2', 'Hiring', 'Nhóm quản trị nhân sự');
INSERT INTO `Group` (GroupID, GroupName, Description) VALUES ('3', 'Account', 'Nhóm quản trị lương');
INSERT INTO `Group` (GroupID, GroupName, Description) VALUES ('4', 'Employee', 'Nhóm Nhân Viên');
INSERT INTO `Group` (GroupID, GroupName, Description) VALUES ('5', 'Lock', 'Nhóm test');
INSERT INTO Account_Group (AccountID, GroupID) VALUES ('19', '1');
INSERT INTO Account_Group (AccountID, GroupID) VALUES ('22', '1');
INSERT INTO Account_Group (AccountID, GroupID) VALUES ('20', '2');
INSERT INTO Account_Group (AccountID, GroupID) VALUES ('21', '3');
INSERT INTO Account_Group (AccountID, GroupID) VALUES ('1', '4');
INSERT INTO Account_Group (AccountID, GroupID) VALUES ('2', '4');
INSERT INTO Account_Group (AccountID, GroupID) VALUES ('3', '4');
INSERT INTO Account_Group (AccountID, GroupID) VALUES ('4', '4');
INSERT INTO Account_Group (AccountID, GroupID) VALUES ('5', '4');
INSERT INTO Account_Group (AccountID, GroupID) VALUES ('6', '4');
INSERT INTO Account_Group (AccountID, GroupID) VALUES ('7', '4');
INSERT INTO Account_Group (AccountID, GroupID) VALUES ('8', '4');
INSERT INTO Account_Group (AccountID, GroupID) VALUES ('9', '4');
INSERT INTO Account_Group (AccountID, GroupID) VALUES ('11', '4');
INSERT INTO Account_Group (AccountID, GroupID) VALUES ('12', '4');
INSERT INTO Account_Group (AccountID, GroupID) VALUES ('13', '4');
INSERT INTO Account_Group (AccountID, GroupID) VALUES ('14', '4');
INSERT INTO Account_Group (AccountID, GroupID) VALUES ('15', '4');
INSERT INTO Account_Group (AccountID, GroupID) VALUES ('16', '4');
INSERT INTO Account_Group (AccountID, GroupID) VALUES ('17', '4');
INSERT INTO Account_Group (AccountID, GroupID) VALUES ('18', '4');
INSERT INTO Module (ModuleID, ModuleName, Description) VALUES ('1', 'Dashboard', '....');
INSERT INTO `Function` (FunctionID, FunctionName, Description) VALUES ('1', 'role_required_*role', 'Handles role-based access control');
INSERT INTO `Function` (FunctionID, FunctionName, Description) VALUES ('2', 'login', 'User login function');
INSERT INTO `Function` (FunctionID, FunctionName, Description) VALUES ('3', 'logout', 'User logout function');
INSERT INTO `Function` (FunctionID, FunctionName, Description) VALUES ('4', 'home', 'Home page function');
INSERT INTO `Function` (FunctionID, FunctionName, Description) VALUES ('5', 'user_authorization', 'Checks user authorization levels');
INSERT INTO `Function` (FunctionID, FunctionName, Description) VALUES ('6', 'shareholder', 'Displays shareholder information');
INSERT INTO `Function` (FunctionID, FunctionName, Description) VALUES ('7', 'shareholder_detail', 'Shows detailed information for a specific shareholder');
INSERT INTO `Function` (FunctionID, FunctionName, Description) VALUES ('8', 'activity_history', 'Displays the activity history of the system');
INSERT INTO `Function` (FunctionID, FunctionName, Description) VALUES ('9', 'report', 'Generates various reports');
INSERT INTO `Function` (FunctionID, FunctionName, Description) VALUES ('10', 'employee', 'Displays employee information');
INSERT INTO `Function` (FunctionID, FunctionName, Description) VALUES ('11', 'Xinchao', 'A greeting function');
INSERT INTO `Function` (FunctionID, FunctionName, Description) VALUES ('12', 'payroll', 'Manages payroll data');
INSERT INTO `Function` (FunctionID, FunctionName, Description) VALUES ('13', 'get_notifications', 'Fetches notifications for the user');
INSERT INTO `Function` (FunctionID, FunctionName, Description) VALUES ('14', 'save_notification', 'Saves a notification');
INSERT INTO `Function` (FunctionID, FunctionName, Description) VALUES ('15', 'attendance', 'Manages attendance data');
INSERT INTO `Function` (FunctionID, FunctionName, Description) VALUES ('16', 'attendance_detail', 'Shows attendance details for a specific user');
INSERT INTO `Function` (FunctionID, FunctionName, Description) VALUES ('17', 'update_attendance', 'Updates attendance data');
INSERT INTO `Function` (FunctionID, FunctionName, Description) VALUES ('18', 'report_depart', 'Generates department reports');
INSERT INTO `Function` (FunctionID, FunctionName, Description) VALUES ('19', 'history_salary', 'Displays salary history for employees');
INSERT INTO `Function` (FunctionID, FunctionName, Description) VALUES ('20', 'role_required_*role', 'Handles role-based access control');
INSERT INTO `Function` (FunctionID, FunctionName, Description) VALUES ('21', 'login', 'User login function');
INSERT INTO `Function` (FunctionID, FunctionName, Description) VALUES ('22', 'logout', 'User logout function');
INSERT INTO `Function` (FunctionID, FunctionName, Description) VALUES ('23', 'home', 'Home page function');
INSERT INTO `Function` (FunctionID, FunctionName, Description) VALUES ('24', 'user_authorization', 'Checks user authorization levels');
INSERT INTO `Function` (FunctionID, FunctionName, Description) VALUES ('25', 'shareholder', 'Displays shareholder information');
INSERT INTO `Function` (FunctionID, FunctionName, Description) VALUES ('26', 'shareholder_detail', 'Shows detailed information for a specific shareholder');
INSERT INTO `Function` (FunctionID, FunctionName, Description) VALUES ('27', 'activity_history', 'Displays the activity history of the system');
INSERT INTO `Function` (FunctionID, FunctionName, Description) VALUES ('28', 'report', 'Generates various reports');
INSERT INTO `Function` (FunctionID, FunctionName, Description) VALUES ('29', 'employee', 'Displays employee information');
INSERT INTO `Function` (FunctionID, FunctionName, Description) VALUES ('30', 'Xinchao', 'A greeting function');
INSERT INTO `Function` (FunctionID, FunctionName, Description) VALUES ('31', 'payroll', 'Manages payroll data');
INSERT INTO `Function` (FunctionID, FunctionName, Description) VALUES ('32', 'get_notifications', 'Fetches notifications for the user');
INSERT INTO `Function` (FunctionID, FunctionName, Description) VALUES ('33', 'save_notification', 'Saves a notification');
INSERT INTO `Function` (FunctionID, FunctionName, Description) VALUES ('34', 'attendance', 'Manages attendance data');
INSERT INTO `Function` (FunctionID, FunctionName, Description) VALUES ('35', 'attendance_detail', 'Shows attendance details for a specific user');
INSERT INTO `Function` (FunctionID, FunctionName, Description) VALUES ('36', 'update_attendance', 'Updates attendance data');
INSERT INTO `Function` (FunctionID, FunctionName, Description) VALUES ('37', 'report_depart', 'Generates department reports');
INSERT INTO `Function` (FunctionID, FunctionName, Description) VALUES ('38', 'history_salary', 'Displays salary history for employees');
INSERT INTO Function_Module (FunctionModuleID, FunctionID, ModuleID) VALUES ('1', '1', '1');
INSERT INTO Function_Module (FunctionModuleID, FunctionID, ModuleID) VALUES ('2', '2', '1');
INSERT INTO Function_Module (FunctionModuleID, FunctionID, ModuleID) VALUES ('3', '3', '1');
INSERT INTO Function_Module (FunctionModuleID, FunctionID, ModuleID) VALUES ('4', '4', '1');
INSERT INTO Function_Module (FunctionModuleID, FunctionID, ModuleID) VALUES ('5', '5', '1');
INSERT INTO Function_Module (FunctionModuleID, FunctionID, ModuleID) VALUES ('6', '6', '1');
INSERT INTO Function_Module (FunctionModuleID, FunctionID, ModuleID) VALUES ('7', '7', '1');
INSERT INTO Function_Module (FunctionModuleID, FunctionID, ModuleID) VALUES ('8', '8', '1');
INSERT INTO Function_Module (FunctionModuleID, FunctionID, ModuleID) VALUES ('9', '9', '1');
INSERT INTO Function_Module (FunctionModuleID, FunctionID, ModuleID) VALUES ('10', '10', '1');
INSERT INTO Function_Module (FunctionModuleID, FunctionID, ModuleID) VALUES ('11', '11', '1');
INSERT INTO Function_Module (FunctionModuleID, FunctionID, ModuleID) VALUES ('12', '12', '1');
INSERT INTO Function_Module (FunctionModuleID, FunctionID, ModuleID) VALUES ('13', '13', '1');
INSERT INTO Function_Module (FunctionModuleID, FunctionID, ModuleID) VALUES ('14', '14', '1');
INSERT INTO Function_Module (FunctionModuleID, FunctionID, ModuleID) VALUES ('15', '15', '1');
INSERT INTO Function_Module (FunctionModuleID, FunctionID, ModuleID) VALUES ('16', '16', '1');
INSERT INTO Function_Module (FunctionModuleID, FunctionID, ModuleID) VALUES ('17', '17', '1');
INSERT INTO Function_Module (FunctionModuleID, FunctionID, ModuleID) VALUES ('18', '18', '1');
INSERT INTO Function_Module (FunctionModuleID, FunctionID, ModuleID) VALUES ('19', '19', '1');
INSERT INTO Function_Module (FunctionModuleID, FunctionID, ModuleID) VALUES ('20', '1', '1');
INSERT INTO Function_Module (FunctionModuleID, FunctionID, ModuleID) VALUES ('21', '2', '1');
INSERT INTO Function_Module (FunctionModuleID, FunctionID, ModuleID) VALUES ('22', '3', '1');
INSERT INTO Function_Module (FunctionModuleID, FunctionID, ModuleID) VALUES ('23', '4', '1');
INSERT INTO Function_Module (FunctionModuleID, FunctionID, ModuleID) VALUES ('24', '5', '1');
INSERT INTO Function_Module (FunctionModuleID, FunctionID, ModuleID) VALUES ('25', '6', '1');
INSERT INTO Function_Module (FunctionModuleID, FunctionID, ModuleID) VALUES ('26', '7', '1');
INSERT INTO Function_Module (FunctionModuleID, FunctionID, ModuleID) VALUES ('27', '8', '1');
INSERT INTO Function_Module (FunctionModuleID, FunctionID, ModuleID) VALUES ('28', '9', '1');
INSERT INTO Function_Module (FunctionModuleID, FunctionID, ModuleID) VALUES ('29', '10', '1');
INSERT INTO Function_Module (FunctionModuleID, FunctionID, ModuleID) VALUES ('30', '11', '1');
INSERT INTO Function_Module (FunctionModuleID, FunctionID, ModuleID) VALUES ('31', '12', '1');
INSERT INTO Function_Module (FunctionModuleID, FunctionID, ModuleID) VALUES ('32', '13', '1');
INSERT INTO Function_Module (FunctionModuleID, FunctionID, ModuleID) VALUES ('33', '14', '1');
INSERT INTO Function_Module (FunctionModuleID, FunctionID, ModuleID) VALUES ('34', '15', '1');
INSERT INTO Function_Module (FunctionModuleID, FunctionID, ModuleID) VALUES ('35', '16', '1');
INSERT INTO Function_Module (FunctionModuleID, FunctionID, ModuleID) VALUES ('36', '17', '1');
INSERT INTO Function_Module (FunctionModuleID, FunctionID, ModuleID) VALUES ('37', '18', '1');
INSERT INTO Function_Module (FunctionModuleID, FunctionID, ModuleID) VALUES ('38', '19', '1');
INSERT INTO Permission (PermissionID, GroupID, FunctionModuleID, IsAllowed) VALUES ('1', '1', '1', '1');
INSERT INTO Permission (PermissionID, GroupID, FunctionModuleID, IsAllowed) VALUES ('2', '1', '2', '1');
INSERT INTO Permission (PermissionID, GroupID, FunctionModuleID, IsAllowed) VALUES ('3', '1', '3', '1');
INSERT INTO Permission (PermissionID, GroupID, FunctionModuleID, IsAllowed) VALUES ('4', '1', '4', '1');
INSERT INTO Permission (PermissionID, GroupID, FunctionModuleID, IsAllowed) VALUES ('5', '1', '5', '1');
INSERT INTO Permission (PermissionID, GroupID, FunctionModuleID, IsAllowed) VALUES ('6', '1', '6', '1');
INSERT INTO Permission (PermissionID, GroupID, FunctionModuleID, IsAllowed) VALUES ('7', '1', '7', '1');
INSERT INTO Permission (PermissionID, GroupID, FunctionModuleID, IsAllowed) VALUES ('8', '1', '8', '1');
INSERT INTO Permission (PermissionID, GroupID, FunctionModuleID, IsAllowed) VALUES ('9', '1', '9', '1');
INSERT INTO Permission (PermissionID, GroupID, FunctionModuleID, IsAllowed) VALUES ('10', '1', '10', '1');
INSERT INTO Permission (PermissionID, GroupID, FunctionModuleID, IsAllowed) VALUES ('11', '1', '11', '1');
INSERT INTO Permission (PermissionID, GroupID, FunctionModuleID, IsAllowed) VALUES ('12', '1', '12', '1');
INSERT INTO Permission (PermissionID, GroupID, FunctionModuleID, IsAllowed) VALUES ('13', '1', '13', '1');
INSERT INTO Permission (PermissionID, GroupID, FunctionModuleID, IsAllowed) VALUES ('14', '1', '14', '1');
INSERT INTO Permission (PermissionID, GroupID, FunctionModuleID, IsAllowed) VALUES ('15', '1', '15', '1');
INSERT INTO Permission (PermissionID, GroupID, FunctionModuleID, IsAllowed) VALUES ('16', '1', '16', '1');
INSERT INTO Permission (PermissionID, GroupID, FunctionModuleID, IsAllowed) VALUES ('17', '1', '17', '1');
INSERT INTO Permission (PermissionID, GroupID, FunctionModuleID, IsAllowed) VALUES ('18', '1', '18', '1');
INSERT INTO Permission (PermissionID, GroupID, FunctionModuleID, IsAllowed) VALUES ('19', '1', '19', '1');
INSERT INTO Permission (PermissionID, GroupID, FunctionModuleID, IsAllowed) VALUES ('20', '1', '1', '1');
INSERT INTO Permission (PermissionID, GroupID, FunctionModuleID, IsAllowed) VALUES ('21', '1', '2', '1');
INSERT INTO Permission (PermissionID, GroupID, FunctionModuleID, IsAllowed) VALUES ('22', '1', '3', '1');
INSERT INTO Permission (PermissionID, GroupID, FunctionModuleID, IsAllowed) VALUES ('23', '1', '4', '1');
INSERT INTO Permission (PermissionID, GroupID, FunctionModuleID, IsAllowed) VALUES ('24', '1', '5', '1');
INSERT INTO Permission (PermissionID, GroupID, FunctionModuleID, IsAllowed) VALUES ('25', '1', '6', '1');
INSERT INTO Permission (PermissionID, GroupID, FunctionModuleID, IsAllowed) VALUES ('26', '1', '7', '1');
INSERT INTO Permission (PermissionID, GroupID, FunctionModuleID, IsAllowed) VALUES ('27', '1', '8', '1');
INSERT INTO Permission (PermissionID, GroupID, FunctionModuleID, IsAllowed) VALUES ('28', '1', '9', '1');
INSERT INTO Permission (PermissionID, GroupID, FunctionModuleID, IsAllowed) VALUES ('29', '1', '10', '1');
INSERT INTO Permission (PermissionID, GroupID, FunctionModuleID, IsAllowed) VALUES ('30', '1', '11', '1');
INSERT INTO Permission (PermissionID, GroupID, FunctionModuleID, IsAllowed) VALUES ('31', '1', '12', '1');
INSERT INTO Permission (PermissionID, GroupID, FunctionModuleID, IsAllowed) VALUES ('32', '1', '13', '1');
INSERT INTO Permission (PermissionID, GroupID, FunctionModuleID, IsAllowed) VALUES ('33', '1', '14', '1');
INSERT INTO Permission (PermissionID, GroupID, FunctionModuleID, IsAllowed) VALUES ('34', '1', '15', '1');
INSERT INTO Permission (PermissionID, GroupID, FunctionModuleID, IsAllowed) VALUES ('35', '1', '16', '1');
INSERT INTO Permission (PermissionID, GroupID, FunctionModuleID, IsAllowed) VALUES ('36', '1', '17', '1');
INSERT INTO Permission (PermissionID, GroupID, FunctionModuleID, IsAllowed) VALUES ('37', '1', '18', '1');
INSERT INTO Permission (PermissionID, GroupID, FunctionModuleID, IsAllowed) VALUES ('38', '1', '19', '1');
